Chain,Claimed Fees,Unclaimed Fees
arbitrum,0.0,0.0
aurora,0.0,124426.21520482634
avax,0.0,0.0
boba,0.0,0.0
bsc,656472.691030633,371092.8615897699
canto,0.0,0.0
cronos,0.0,0.0
dfk,0,0
dogechain,0.0,4697.749674306502
ethereum,1734304.796993397,74374.41474830157
fantom,0.0,0.0
metis,0.0,0.0
moonriver,0.0,113.83575964447228
moonbeam,0.0,112.09170397792698
optimism,0.0,0.0
polygon,174693.81829105876,35068.111413528924
